graph,algorithm,crossings_pct,mean_edge_length_pct,edge_length_var_pct,path_continuity_pct,crossings_delta_per_edge,crossings_baseline,crossings_relaxed,mean_edge_length_baseline,mean_edge_length_relaxed,edge_length_var_baseline,edge_length_var_relaxed,path_continuity_baseline,path_continuity_relaxed
ceo_club,EBC,-0.6410256410256411,-1.3306334615872772,40.615336340184356,10.864680990863372,-0.010526315789473684,156,155,0.4176572196327632,0.4120997329135946,0.0300114102965005,0.0422006455288569,75.92408140820858,84.17299064845385
dutch_criticism,EBC,-15.436241610738255,-30.541828222791914,74.34061779107824,5.163648902862476,-0.2875,149,126,0.2518597846047462,0.1749372018284709,0.0081668443299156,0.0142381268588105,60.637457630440416,63.76856304609835
dolphins,EBC,-1.7316017316017316,-8.304399472032353,0.6792787346202483,0.4562297925709214,-0.025157232704402517,231,227,0.1738012076005314,0.159368061034167,0.0077242008723168,0.0077766697262618,51.91819439547289,52.15506066606992
blumenau_drug,EBC,-0.9727626459143969,-44.30865911037266,-50.11194822301874,1.0464938173403093,-0.027624309392265192,514,509,0.3095294807991869,0.1723811183057688,0.0217822439585466,0.0108667371442281,68.37814844024822,69.0937215360872
elite,EBC,-5.921052631578948,-43.231685181383575,28.166133394970796,2.832228698427736,-0.09090909090909091,152,143,0.3131374954060519,0.1777628792072381,0.0196210641210919,0.0251475592149514,66.8213008545954,68.713832914062
cs_department,EBC,-4.038004750593824,-38.051329309353896,-46.41514345308285,-4.190174203343075,-0.3371104815864023,2947,2828,0.4067091106183477,0.2519508876058158,0.0438811562982622,0.0235136546535523,57.61709189007832,55.202835368983784
adjnoun,EBC,-3.4329632792485056,-46.36207022616698,-54.03774060626961,-0.686071027125949,-0.47294117647058825,5855,5654,0.3585888331793631,0.192339626517554,0.0293696534344588,0.0134989562945856,76.1078538824936,75.58569994763846
fullerene_structures/C180,EBC,2.5641025641025643,-1.143713744269449,31.25397404242689,-0.1644415050668744,0.007407407407407408,78,80,0.1774390870804975,0.1754096918538516,0.001615025546869,0.002119785212066,60.89549574538456,60.79535827566291
football,EBC,-6.176084099868594,-1.7797760013743118,19.664199600712895,4.028811335158138,-0.4600326264274062,4566,4284,0.2915847688990126,0.2863952131584852,0.047051319986256,0.0563035854631235,66.52313446371704,69.20322604549376
football_tsevans,EBC,-6.176084099868594,-1.7797760013743118,19.664199600712895,4.028811335158138,-0.4600326264274062,4566,4284,0.2915847688990126,0.2863952131584852,0.047051319986256,0.0563035854631235,66.52313446371704,69.20322604549376
fullerene_structures/C60,EBC,-25.0,-13.57805793270963,1470.3655907778013,2.222235167640696,-0.07777777777777778,28,21,0.3126107347218593,0.270164268057456,0.0050985269800084,0.0800655133305745,63.29032849614721,64.69678843370392
fullerene_structures/C240,EBC,-6.666666666666667,-1.2100033475228194,454.3034015829399,-1.0544699464228917,-0.022222222222222223,120,112,0.1553370526741431,0.1534574691368427,0.0011865879334718,0.0065772972780069,60.88777874567877,60.245735417761125
facebook_organizations/S2,EBC,-0.7175472928897586,-8.17624037226393,-14.800106078117928,0.7282989199187355,-0.07575757575757576,7665,7610,0.2075581811994715,0.1905877253923036,0.0169817436898892,0.0144684276098715,59.15365304696195,59.58446846319545
fullerene_structures/C260,EBC,-3.225806451612903,-3.011829304998688,50.17370894071426,0.143811034034614,-0.010256410256410256,124,120,0.1479289341618427,0.1434735671721841,0.0012217141967615,0.001834693521932,60.671217440032216,60.758469345194115
kangaroo,EBC,-18.127490039840637,-5.22030835956589,57.16274701273998,-34.313151639864984,-1.0,502,411,0.5386762500875089,0.5105556887731946,0.038080848240523,0.0598489071805586,35.76371327717478,23.49205610833127
karate/77,EBC,-35.714285714285715,-13.7133024264082,56.45672132944146,27.298404420849003,-0.3246753246753247,70,45,0.2488967741592481,0.2147648067892162,0.015350677289392,0.0240171663888459,54.74827755276079,69.69368377256232
karate/78,EBC,-19.696969696969695,-15.517218809325984,56.5922021170757,13.672510909602483,-0.16666666666666666,66,53,0.2530351327057306,0.213771117499314,0.014477906059799,0.0226712719194808,54.91789787389782,62.42655345203085
game_thrones,EBC,-7.489669421487603,-38.756408720464265,-29.633616353287607,5.006188216223885,-0.4119318181818182,1936,1791,0.22600711891057,0.1384148761682438,0.0183408988295238,0.0129058272346381,56.45327577490513,59.2794330144208
lesmis,EBC,-7.397260273972603,-27.79364516136406,-31.552608852642614,3.306723061433766,-0.2125984251968504,730,676,0.2185426650469741,0.1578016921976297,0.0204896988062619,0.0140246642868375,55.296151291947304,57.12464187880343
interactome_pdz,EBC,-2.5641025641025643,-23.856262671887997,24.10738761316003,14.966467089131777,-0.009569377990430622,78,76,0.1021886518504945,0.0778102586441794,0.0062249123024114,0.007725576039733,59.29121477863657,68.16501492522765
malaria_genes/HVR_3,EBC,-3.7037037037037037,-37.12442105236735,32.90248455861016,-23.837020556318038,-0.03636363636363636,54,52,0.2384297755936127,0.1499141017880253,0.0133180323671964,0.0176999959103239,20.340952362791448,15.49227536672199
macaque_neural,EBC,-2.440884820747521,-16.42277948843422,0.6454438614692747,1.576712176202054,-0.20447284345047922,2622,2558,0.4696782453931025,0.3925440228470463,0.0407095148966421,0.0409722719615764,53.589734892653446,54.434690767900314
celegans_interactomes/BPmaps,EBC,49.673202614379086,-39.04744356095858,-42.029476922626294,34.86884794791921,0.19,153,229,0.1061315636280501,0.0646899012200244,0.0075990260425897,0.0044051951456751,60.49170486592606,81.58446545672986
montreal,EBC,-17.72151898734177,-37.838820122247746,-25.22476506530663,1.5490666819961998,-0.37333333333333335,158,130,0.4116791205310637,0.255904598632463,0.0263635464546879,0.0197134037986099,60.586242419701335,61.52476371489838
new_guinea_tribes,EBC,-6.593406593406593,-22.610202913524393,-1.4397734236748299,0.6249423922598744,-0.10344827586206896,91,85,0.5864314920472073,0.4538381417465251,0.0417891410259277,0.0411874720794544,71.42696873437717,71.8733461415045
november17,EBC,-12.76595744680851,-37.58556565184236,7.65703073761474,11.321792908510025,-0.18181818181818182,94,82,0.4358088512677244,0.2720076293579538,0.0271154396794021,0.0291916772302933,49.276143823788495,54.85508678081738
plant_pol_vazquez/All sites pooled,EBC,-11.235955056179776,-42.11276293870142,-15.438037378996572,5.92753749895834,-0.12195121951219512,178,158,0.2714746090116834,0.1571491504798266,0.0163884976074112,0.0138584352209231,65.34281613966444,69.21603606921845
marvel_partnerships,EBC,111.11111111111111,1.8637785554815942,84.62469633974207,14.950424263410444,0.08928571428571429,18,38,0.0625388420769718,0.0637044276044489,0.0021831185432683,0.0040305759812457,64.60528155714726,74.26404524651164
fullerene_structures/C320,EBC,-3.0864197530864197,0.9524239037928622,29.572503533545053,-0.15796630086411986,-0.010416666666666666,162,157,0.1322300154062499,0.133489405680968,0.0008700530849258,0.0011273495642092,60.47330416427019,60.377776722671584
terrorists_911,EBC,-12.883435582822086,-16.975489891300324,4.238249063422414,8.367005755060946,-0.13815789473684212,163,142,0.2177971745822478,0.1808250372275006,0.0158588571899393,0.0165309950562614,55.575027692868744,60.224993458307786
mist/genetic_mouse,EBC,325.0,-1.6998485516484572,-25.65043274720341,26.510431749522134,0.15476190476190477,12,51,0.0646968002138951,0.0635970525924963,0.0028890044233733,0.0021479622866922,65.52768071265696,82.89935178503066
train_terrorists,EBC,-4.6038543897216275,-15.46666337955538,4.918923770989102,2.359675603012223,-0.17695473251028807,934,891,0.1956652037409711,0.1654023253274339,0.0117925277340527,0.0123725931839635,46.444515536308685,47.54045543835618
mist/ppi_zebrafish,EBC,37.5,-13.721996001474674,95.77412517655192,6.2908364245821495,0.013333333333333334,8,11,0.1394641300789247,0.1203268677260032,0.0071935654708073,0.0140831398694755,68.69602458302637,73.0175791197353
polbooks,EBC,-5.030559473436766,-9.912666099697866,55.90723065752127,5.116094311654306,-0.24263038548752835,2127,2020,0.1791229980088937,0.1613671333085036,0.0116285183224628,0.0181297008830542,49.56615416961434,52.102005363591786
revolution,EBC,-66.66666666666667,-25.508206774348213,109.09098737016338,4.37945574934149,-0.075,18,6,0.2147856108731373,0.1599976531300705,0.0161438130871655,0.033755258183148,68.67643500264762,71.68408908381384
london_transport,EBC,0.0,-5.0613839751177965,-0.010840882117136949,-0.11153216564841531,0.0,43,43,0.0507215723916906,0.0481543588547298,0.0005864623589948,0.0005863987813018,43.98932269513772,43.940260450881766
ugandan_village/friendship-6,EBC,-6.795556196796999,-44.17369554106212,-63.56560580740289,-0.31154351602623775,-1.490506329113924,13862,12920,0.3904975052622936,0.218000326192285,0.0378202955796844,0.0137795955763076,79.87546467296012,79.62661784187569
ugandan_village/friendship-1,EBC,-3.3550643981555095,6.77441104397351,40.98556210357281,2.745776437046838,-0.3857404021937843,6289,6078,0.3040672517673621,0.324666017252197,0.0234791479119942,0.0331022086608543,77.7600504397418,79.89516758215197
ugandan_village/friendship-2,EBC,-0.569437931265492,2.0446235188738755,4.877076906058863,0.23486084069998206,-0.12354651162790697,14927,14842,0.3359009309231043,0.3427688403568744,0.0270272794735829,0.028345420679125,82.48435111712361,82.67807455760321
ugandan_village/friendship-7,EBC,-3.0569079735014766,-56.8876600686089,-77.58236554657363,-0.8806626189844605,-0.9948051948051948,25058,24292,0.5410769067527791,0.2332709153295142,0.0691411100313609,0.0154998013038718,87.65768431110004,86.88571585270478
ugandan_village/friendship-5,EBC,-2.5220422390814026,-45.9393079560011,-57.50350592033509,-0.6221658486253806,-0.5125,14631,14262,0.2941898564903501,0.1590410723419305,0.0208208757568513,0.0088481422333447,79.4413053298774,78.94704865841268
ugandan_village/friendship-17,EBC,-1.313868613138686,-53.183611688827945,-72.05992978897216,-0.8202739917221967,-0.10505836575875487,2055,2028,0.4421331280776104,0.2069907620931458,0.0420034515267153,0.0117357938476193,75.65417636588982,75.03360483350879
ugandan_village/friendship-15,EBC,-4.968454258675079,-41.192214577166304,-14.54510481552591,3.9555551864020293,-0.22992700729927007,1268,1205,0.2710157195035508,0.159378342787797,0.0138147997574141,0.0118054226526432,70.77827197233411,73.5779455801815
ugandan_village/friendship-14,EBC,-3.071879553181156,-43.26930020960303,-62.942237863437185,1.3547050989154856,-0.4819047619047619,8236,7983,0.3556909497871477,0.2017859649053584,0.0310747225249487,0.0115155967578924,79.73583231294896,80.81601769895518
fullerene_structures/C500,EBC,-4.545454545454546,-0.19320255375297643,14.970274527709623,0.09635828252835493,-0.016,264,252,0.1062617215697367,0.1060564212100021,0.0007972688367904,0.0009166221703818,60.24961157934104,60.3076670702889
ugandan_village/health-advice_1,EBC,-5.619203491543917,-25.977306525306055,-34.83222527200842,2.1350474688264147,-0.4779582366589327,3666,3460,0.2524212542021208,0.1868490112630139,0.0140513458885726,0.0091569494349159,73.4758586011336,75.04460306039557
ugandan_village/health-advice_6,EBC,-15.782122905027933,6.729340166177373,10.251617203254508,-2.072525653844343,-0.795774647887324,1432,1206,0.2699939063685611,0.288162714756052,0.0184192104963951,0.0203074774483472,74.56813234342448,73.02268867101441
ugandan_village/health-advice_2,EBC,-7.820831852115179,-44.74466121871977,-49.49275713780878,1.9110352900874514,-0.5583756345177665,2813,2593,0.2477890423836135,0.1369166748319557,0.0135178959944045,0.0068275165597523,73.41664203959458,74.81965997776841
ugandan_village/health-advice_5,EBC,-5.041354864119732,-4.5442203323910615,5.652718015756781,3.1104555712377313,-0.3316062176165803,2539,2411,0.2497790505594552,0.2384285401578791,0.0154264687484956,0.0162984835266369,70.93784498176893,73.14433513312035
ugandan_village/friendship-13,EBC,-4.497183885807645,-43.816928599370776,-58.53942582489678,2.2798286682330255,-1.292954264524104,23259,22213,0.3602163390405777,0.2023806029599004,0.0314344832243343,0.0130329172337855,84.71657762812463,86.6479704516365
fullerene_structures/C540,EBC,-1.4492753623188406,0.025623800229802287,10.239913212553086,0.007826469248271947,-0.0049382716049382715,276,272,0.1031158938851187,0.103142316095773,0.0005423977579401,0.00059793881762,60.33176959757293,60.33649144496742
ugandan_village/health-advice_3,EBC,-0.903387703889586,-35.9460762129551,-56.7660536955283,0.50277974172296,-0.16927899686520376,11955,11847,0.2475932501865332,0.1585931917763494,0.013962893917327,0.0060367100587675,78.89915935772713,79.2958483473675
ugandan_village/health-advice_7,EBC,-2.3137622040925505,-45.59764194223346,-56.206478570425176,1.0203513301455331,-0.3657505285412262,7477,7304,0.3684868647276785,0.2004655435449895,0.0338154892691843,0.0148089935396158,80.53694704598266,81.35870685642494
ugandan_village/friendship-12,EBC,-1.697213595205809,-10.349693830074685,-12.55949261025385,1.856041401213228,-0.44495412844036697,22861,22473,0.2782925364500301,0.249490110975503,0.019055434313988,0.0166621684494709,79.42136461482832,80.89545802348805
ugandan_village/health-advice_15,EBC,-4.104477611940299,-38.03028894191923,-25.693765674176362,3.1645601935570418,-0.05612244897959184,268,257,0.2347858278045011,0.1454960990957724,0.0134060978532654,0.0099615664847966,62.308608238614134,64.28040165209272
ugandan_village/health-advice_14,EBC,-11.974694984184366,-0.23551976650227477,35.94600592118759,1.8278969706761388,-0.8128834355828221,2213,1948,0.2876559299570493,0.2869784433824845,0.0198649929713626,0.0270056645210921,74.35768643901493,75.71686833689854
ugandan_village/health-advice_17,EBC,-5.343511450381679,-11.714523125021712,11.313868618251279,4.078880987023015,-0.14383561643835616,393,372,0.2914908430280273,0.2573440808141883,0.0154228318499654,0.0171677507826843,69.1200490245926,71.9393735624777
ugandan_village/health-advice_13,EBC,-2.386634844868735,3.244165763070871,9.379445879698006,0.8651630283191659,-0.06993006993006994,838,818,0.2024545821891569,0.2090225444303057,0.0110315787152707,0.0120662796705458,69.40343256879423,70.00388540776386
ugandan_village/health-advice_9,EBC,-3.646334423705984,-20.293799131396668,-25.61979394702452,1.090168387758081,-0.608346709470305,10394,10015,0.287816616742184,0.2294076906737434,0.0187315826685638,0.0139325897858612,77.40869281000259,78.252577908394
ugandan_village/health-advice_12,EBC,-3.2643765420383373,-21.924408276715543,-31.064567723462137,0.2131869956182403,-0.32209737827715357,5269,5097,0.2564551927850823,0.2002289092720429,0.0152148320425498,0.0104884102386809,76.00100215217086,76.16302640529882
urban_streets/irvine2,EBC,100.0,-17.61038610971859,92.11055191858246,15.8233238938855,0.026455026455026454,5,10,0.0601342541891066,0.0495443798422053,0.0013180837350959,0.0025321779382418,53.62871027857188,62.11455480606377
urban_streets/brasilia,EBC,-20.0,-3.471276861997116,20.297440617577188,-0.7354791631152403,-0.004347826086956522,5,4,0.0640073740666425,0.0617855009006952,0.0009127338682571,0.0010979954831631,51.95662284104377,51.57449270618952
ugandan_village/health-advice_11,EBC,-6.573561281001686,-5.84243533064149,6.6701345240235135,2.921164627100324,-0.5180265654648957,4153,3880,0.2381206043527036,0.2242085620344642,0.0143172906038564,0.015272273147329,71.88563356139414,73.98553126095655
ugandan_village/health-advice_10,EBC,-12.495263357332323,-48.71098345844591,-57.82808267968463,2.679591158729269,-3.2170731707317075,21112,18474,0.2751685422652072,0.1411312391595554,0.0192650290640595,0.0081244321286299,79.00643200080063,81.12348136752153
urban_streets/los-angeles,EBC,0.0,-1.7698914769488694,20.16782530860825,2.0573284324372283,0.0,5,5,0.0638362025041572,0.0627063709968283,0.0010073840769073,0.0012105515377247,53.041604955663146,54.13284497543704
urban_streets/new-delhi,EBC,-100.0,-3.130705987564779,3.408005155878433,4.013093174210204,-0.003048780487804878,1,0,0.0752574444894258,0.0729013551687071,0.0014351269022565,0.0014840361010788,52.96926066723989,55.0949664515065
urban_streets/new-york,EBC,-50.0,-0.8796582666647941,177.88498739637282,0.17122531583795464,-0.04784688995215311,40,20,0.082709970751216,0.0819824056561469,0.0012616626214074,0.0035059710164827,46.84872186538426,46.92893873736431
zebras,EBC,-20.59308072487644,-21.95410773235912,25.250384873455495,51.277321176155326,-1.1904761904761905,607,482,0.4091605833539463,0.3193330280860719,0.0318840896088185,0.0399349449484426,33.852986848180024,51.211891642042914
windsurfers,EBC,-7.690587972278113,-7.50688452025798,-12.217483017150913,-0.1825501921641454,-1.0238095238095237,4473,4129,0.4562264151525366,0.4219780250161229,0.0424375537254627,0.03725275280616,61.40065489823586,61.28856788472908
urban_streets/walnut-creek,EBC,100.0,0.1335874550264514,81.63203430981228,1.2503429226747076,0.00510204081632653,1,2,0.0727139162553649,0.0728110529255405,0.0012264425466988,0.0022276125472101,55.57900775822071,56.27393594821845
urban_streets/paris,EBC,0.0,0.20537212244798006,25.09150378849332,7.095832670801427,0.0,1,1,0.0589885192973023,0.0591096652713838,0.0006698438411594,0.0008379177339409,50.450631940096194,54.03052436392732
ugandan_village/health-advice_16,EBC,-20.60235963716132,-40.19758960778138,-47.64496456193785,-0.3092751988441489,-4.031322505800464,16867,13392,0.2387221484964823,0.1427615989409879,0.0132193083948312,0.0069209735947806,75.897644662268,75.66291207082074
urban_streets/london,EBC,0.0,-3.970450581308689,7.614371157485383,-2.544505738856274,0.0,5,5,0.0546400349080213,0.0524705793243885,0.0005357185735187,0.000576510174066,53.88789637059894,52.516715754900126
urban_streets/vienna,EBC,-90.3225806451613,-9.31689451996154,-19.507143112391837,-20.53511716025185,-0.04052098408104197,31,3,0.0689738142842743,0.0625475967610143,0.0010710010581523,0.0008620793490033,66.0192990970341,52.46215867908105
urban_streets/bologna,EBC,50.0,-1.9169551336827155,22.06445992055378,6.681934740423648,0.0012970168612191958,2,3,0.0496814385496533,0.0487290676628883,0.0005021187565162,0.0006129085483013,52.19482833828055,55.68245270572061
ceo_club,currentflow,-3.8461538461538463,-1.973339959991673,24.20259841496543,1.4751173790283068,-0.06315789473684211,156,150,0.4176572196327632,0.4094154228219597,0.0300114102965005,0.0372749514092301,75.92408140820858,77.04405072792866
dutch_criticism,currentflow,-19.463087248322147,-9.697419620165284,256.499288361676,3.9831242765020516,-0.3625,149,120,0.2518597846047462,0.2274358844371795,0.0081668443299156,0.029114741917755,60.637457630440416,63.052722925972134
dolphins,currentflow,-1.7316017316017316,-8.304399472032353,0.6792787346202483,0.4562297925709214,-0.025157232704402517,231,227,0.1738012076005314,0.159368061034167,0.0077242008723168,0.0077766697262618,51.91819439547289,52.15506066606992
blumenau_drug,currentflow,-3.307392996108949,-45.82550148271318,-50.9991242028157,-0.6118639589460076,-0.09392265193370165,514,497,0.3095294807991869,0.1676860439861211,0.0217822439585466,0.0106734903079671,68.37814844024822,67.95976719414774
elite,currentflow,-11.842105263157896,-29.52631218461968,149.69930371982818,5.664299712348961,-0.18181818181818182,152,134,0.3131374954060519,0.2206795409453619,0.0196210641210919,0.0489936604927875,66.8213008545954,70.60625960669009
cs_department,currentflow,-4.716661011197829,-42.86769617610295,-55.86398882956055,-2.9835455199402023,-0.3937677053824363,2947,2808,0.4067091106183477,0.2323622847579439,0.0438811562982622,0.019367392045519,57.61709189007832,55.89805972627206
adjnoun,currentflow,-4.9359521776259605,-50.14040265765153,-49.10512537751795,-2.719417224536472,-0.68,5855,5566,0.3585888331793631,0.1787909483378561,0.0293696534344588,0.0149476482925253,76.1078538824936,74.03816379478802
fullerene_structures/C180,currentflow,2.5641025641025643,-0.5917808639771814,23.026937372691947,0.019085902120619593,0.007407407407407408,78,80,0.1774390870804975,0.1763890365179393,0.001615025546869,0.0019869164680995,60.89549574538456,60.90711820009839
football,currentflow,-6.986421375383268,-4.1423563534442565,19.074061135839408,2.9457411293807354,-0.5203915171288744,4566,4247,0.2915847688990126,0.2795062886988486,0.047051319986256,0.0560259175256539,66.52313446371704,68.482733796168
football_tsevans,currentflow,-6.986421375383268,-4.1423563534442565,19.074061135839408,2.9457411293807354,-0.5203915171288744,4566,4247,0.2915847688990126,0.2795062886988486,0.047051319986256,0.0560259175256539,66.52313446371704,68.482733796168
fullerene_structures/C60,currentflow,-17.857142857142858,-10.618485041575534,207.24054738995403,0.952696849856094,-0.05555555555555555,28,23,0.3126107347218593,0.2794162106170593,0.0050985269800084,0.0156647422022023,63.29032849614721,63.89329346199358
fullerene_structures/C240,currentflow,-1.6666666666666667,-1.1252251616683084,95.04775339878368,-0.13661550475061432,-0.005555555555555556,120,118,0.1553370526741431,0.1535891610720597,0.0011865879334718,0.0023144131063378,60.88777874567877,60.80459659941393
facebook_organizations/S2,currentflow,-0.8349641226353555,-22.041651042034466,-32.07423297292056,-0.5723120163534395,-0.0881542699724518,7665,7601,0.2075581811994715,0.1618089311902904,0.0169817436898892,0.0115349796559299,59.15365304696195,58.81510958246216
fullerene_structures/C260,currentflow,-1.6129032258064515,0.12181331348617279,65.64948085343187,0.41177459688032236,-0.005128205128205128,124,122,0.1479289341618427,0.14810913129815,0.0012217141967615,0.0020237632244481,60.671217440032216,60.92104610106829
kangaroo,currentflow,-20.1195219123506,-33.84276217516145,-16.486283678462975,-6.342354551326168,-1.10989010989011,502,401,0.5386762500875089,0.3563733278763153,0.038080848240523,0.0318027315724254,35.76371327717478,33.495451780416644
karate/77,currentflow,-25.714285714285715,-16.163159688240665,99.31681414634994,16.204644526989902,-0.23376623376623376,70,52,0.2488967741592481,0.2086671910930091,0.015350677289392,0.0305964809231034,54.74827755276079,63.62004131483548
karate/78,currentflow,-10.606060606060606,-12.452212788053723,132.0548688916084,23.22186375093237,-0.08974358974358974,66,59,0.2530351327057306,0.2215266595526789,0.014477906059799,0.0335966859253168,54.91789787389782,67.67085729305056
game_thrones,currentflow,-10.950413223140496,-52.664060139167596,-9.810048066803034,8.694912259926928,-0.6022727272727273,1936,1724,0.22600711891057,0.1069825938887074,0.0183408988295238,0.0165416478384638,56.45327577490513,61.361838571387715
lesmis,currentflow,-3.287671232876712,-47.24067455672978,-49.23297832307267,2.1739734414213365,-0.09448818897637795,730,706,0.2185426650469741,0.115301635884529,0.0204896988062619,0.0104020098345121,55.296151291947304,56.4982749351624
interactome_pdz,currentflow,-8.974358974358974,-19.472302214083864,30.924151364693035,6.146917884876815,-0.03349282296650718,78,71,0.1021886518504945,0.0822901687336682,0.0062249123024114,0.0081499136051285,59.29121477863657,62.93579706402531
malaria_genes/HVR_3,currentflow,-3.7037037037037037,5.88405462819469,74.62026109334087,27.037756262537176,-0.03636363636363636,54,52,0.2384297755936127,0.2524591138394229,0.0133180323671964,0.023255982892094,20.340952362791448,25.840689484121796
macaque_neural,currentflow,-2.059496567505721,-23.764853899845914,-25.52728420831633,-3.6715922091356403,-0.17252396166134185,2622,2568,0.4696782453931025,0.3580598965760719,0.0407095148966421,0.0303174813291494,53.589734892653446,51.62213836143834
celegans_interactomes/BPmaps,currentflow,-9.803921568627452,-38.685484749717446,-21.81401994146453,16.545494563791543,-0.0375,153,138,0.1061315636280501,0.0650740537660841,0.0075990260425897,0.0059413729863021,60.49170486592606,70.50035660606268
montreal,currentflow,-22.78481012658228,-34.6181888113582,5.929949789679412,-0.601412141140662,-0.48,158,122,0.4116791205310637,0.2691632652886812,0.0263635464546879,0.0279268915222297,60.586242419701335,60.22186940192834
new_guinea_tribes,currentflow,-3.2967032967032965,-44.79014593809141,-37.30919304394408,6.092144121685922,-0.05172413793103448,91,88,0.5864314920472073,0.3237679709323362,0.0417891410259277,0.0261979497291583,71.42696873437717,75.77840261142697
november17,currentflow,-3.1914893617021276,-44.97552639788867,-14.67018699123787,-2.889977872438345,-0.045454545454545456,94,91,0.4358088512677244,0.2398015263214736,0.0271154396794021,0.0231375539749375,49.276143823788495,47.85207417089011
plant_pol_vazquez/All sites pooled,currentflow,-12.92134831460674,-38.4649108685259,20.02921229319395,7.339808847747957,-0.1402439024390244,178,155,0.2714746090116834,0.1670521426246602,0.0163884976074112,0.0196709845848646,65.34281613966444,70.1388539400512
marvel_partnerships,currentflow,83.33333333333333,-5.632549925480434,83.22513813725172,3.42294148043298,0.06696428571428571,18,33,0.0625388420769718,0.059016310574169,0.0021831185432683,0.0040000219666033,64.60528155714726,66.81668253811738
fullerene_structures/C320,currentflow,-9.876543209876543,-9.709580799541044,2096.05596859458,0.15799166393323896,-0.03333333333333333,162,146,0.1322300154062499,0.1193910352191345,0.0008700530849258,0.0191068527014543,60.47330416427019,60.56884694375473
terrorists_911,currentflow,-6.134969325153374,-24.809532277914514,61.62512247990868,6.118671002738128,-0.06578947368421052,163,153,0.2177971745822478,0.1637627142538792,0.0158588571899393,0.0256318973571532,55.575027692868744,58.97548079707599
mist/genetic_mouse,currentflow,100.0,-20.173583591348706,-26.38905542838588,10.755895886012228,0.047619047619047616,12,24,0.0646968002138951,0.0516451371418171,0.0028890044233733,0.0021266234447608,65.52768071265696,72.57576982662886
train_terrorists,currentflow,-3.854389721627409,-19.962250108432052,-3.872796982100001,4.9545793912184575,-0.14814814814814814,934,898,0.1956652037409711,0.1566060263950253,0.0117925277340527,0.011335827075855,46.444515536308685,48.74564593142189
mist/ppi_zebrafish,currentflow,12.5,-12.52796133305362,-5.650380736809845,0.226747406373446,0.0044444444444444444,8,9,0.1394641300789247,0.1219921177891574,0.0071935654708073,0.006787101633155,68.69602458302637,68.85179103705005
polbooks,currentflow,-6.064880112834979,-13.51432900884836,106.62902628194544,5.381214077651587,-0.2925170068027211,2127,1998,0.1791229980088937,0.1549157267274589,0.0116285183224628,0.0240278941807225,49.56615416961434,52.23341503554012
revolution,currentflow,-66.66666666666667,-31.050238762973635,61.56814064086981,5.512342046269021,-0.075,18,6,0.2147856108731373,0.1480941658685167,0.0161438130871655,0.0260832586334707,68.67643500264762,72.46211500517718
london_transport,currentflow,-2.3255813953488373,-12.935458777794043,209.81137416833096,15.654186150780445,-0.002325581395348837,43,42,0.0507215723916906,0.0441605043035145,0.0005864623589948,0.0018169270933818,43.98932269513772,50.87549315630209
ugandan_village/friendship-6,currentflow,-8.447554465445101,-53.42079107976789,-70.7124226828493,-0.19419846268759705,-1.8528481012658229,13862,12691,0.3904975052622936,0.1818906488044181,0.0378202955796844,0.011076648309475,79.87546467296012,79.72034774850066
ugandan_village/friendship-1,currentflow,-7.5369693114962635,-37.3497239875259,-15.977410763139059,-0.051718375520414715,-0.8665447897623401,6289,5815,0.3040672517673621,0.1904989724957969,0.0234791479119942,0.0197277880064099,77.7600504397418,77.71983420485051
ugandan_village/friendship-2,currentflow,-1.7552086822536344,-40.038099194706305,-44.134872766869684,-0.170915959156962,-0.3808139534883721,14927,14665,0.3359009309231043,0.2014125830041699,0.0270272794735829,0.0150988240655708,82.48435111712361,82.34337219725738
ugandan_village/friendship-7,currentflow,-3.7393247665416234,-56.772258446969765,-75.39102083096063,-2.3952675193943493,-1.216883116883117,25058,24121,0.5410769067527791,0.2338953268542218,0.0691411100313609,0.0170149213648602,87.65768431110004,85.55804827054303
ugandan_village/friendship-5,currentflow,-0.21187888729410156,-56.067148026525324,-67.44829019406072,-0.6662074286387595,-0.043055555555555555,14631,14600,0.2941898564903501,0.1292459941728831,0.0208208757568513,0.0067775510554254,79.4413053298774,78.91206145236215
ugandan_village/friendship-17,currentflow,-8.02919708029197,-44.54917754708491,-20.12209859332947,-4.851627059305208,-0.642023346303502,2055,1890,0.4421331280776104,0.2451664558558354,0.0420034515267153,0.0335514755979083,75.65417636588982,71.98371787382783
ugandan_village/friendship-15,currentflow,-11.35646687697161,-39.965610159752565,26.74647191202674,2.7064124637791247,-0.5255474452554745,1268,1124,0.2710157195035508,0.1627026335751132,0.0138147997574141,0.0175097712942336,70.77827197233411,72.69382394664085
ugandan_village/friendship-14,currentflow,-2.5376396308887808,-50.64638957487434,-59.285389572694555,0.48867925744144763,-0.3980952380952381,8236,8027,0.3556909497871477,0.1755463256753782,0.0310747225249487,0.012651952217399,79.73583231294896,80.12548478621063
fullerene_structures/C500,currentflow,-6.0606060606060606,-0.4074760551333112,84.61130514291571,-0.4380032149778015,-0.021333333333333333,264,248,0.1062617215697367,0.1058287304985676,0.0007972688367904,0.0014718484050965,60.24961157934104,59.98571634361189
ugandan_village/health-advice_1,currentflow,-12.302236770321876,-55.35777166183373,-45.156252852411,-0.5343658196973519,-1.0464037122969838,3666,3215,0.2524212542021208,0.1126864726749739,0.0140513458885726,0.0077062846099619,73.4758586011336,73.08322872703998
ugandan_village/health-advice_6,currentflow,-21.089385474860336,-32.26337415236629,24.36630449840931,0.5986326833853809,-1.0633802816901408,1432,1130,0.2699939063685611,0.1828847621682827,0.0184192104963951,0.0229072914121497,74.56813234342448,75.01452155502228
ugandan_village/health-advice_2,currentflow,-12.975471027372912,-47.82735079864727,-17.976284936217606,0.9293365401824342,-0.9263959390862944,2813,2448,0.2477890423836135,0.1292781078421939,0.0135178959944045,0.0110878804930688,73.41664203959458,74.09892972064347
ugandan_village/health-advice_5,currentflow,-10.870421425758172,-35.56780719773426,22.9540347290991,0.49969313416683026,-0.7150259067357513,2539,2263,0.2497790505594552,0.160938119436137,0.0154264687484956,0.0189674657424989,70.93784498176893,71.29231652266874
ugandan_village/friendship-13,currentflow,-3.9511586912592973,-47.34720786070869,-65.74863473674709,-0.41556727613473265,-1.1359703337453646,23259,22340,0.3602163390405777,0.1896639602468002,0.0314344832243343,0.0107667396677827,84.71657762812463,84.36452325404086
fullerene_structures/C540,currentflow,-2.536231884057971,-1.3763052499382142,21.643216511721693,0.004561012331863081,-0.008641975308641974,276,269,0.1031158938851187,0.1016967044240571,0.0005423977579401,0.0006597900790458,60.33176959757293,60.334521337024306
ugandan_village/health-advice_3,currentflow,-0.903387703889586,-35.9460762129551,-56.7660536955283,0.50277974172296,-0.16927899686520376,11955,11847,0.2475932501865332,0.1585931917763494,0.013962893917327,0.0060367100587675,78.89915935772713,79.2958483473675
ugandan_village/health-advice_7,currentflow,-4.640898756185636,-49.308461901617996,-45.37756955094574,-1.463375191058122,-0.733615221987315,7477,7130,0.3684868647276785,0.1867916594209645,0.0338154892691843,0.0184708421070676,80.53694704598266,79.35838934327613
ugandan_village/friendship-12,currentflow,-3.5125322601810947,-41.29122407818551,-37.40657466328788,0.593802921889565,-0.9208715596330275,22861,22058,0.2782925364500301,0.1633821416315821,0.019055434313988,0.0119274490499123,79.42136461482832,79.89297099851574
ugandan_village/health-advice_15,currentflow,-12.313432835820896,-47.30695147881279,8.71857530654831,4.849443913457056,-0.1683673469387755,268,235,0.2347858278045011,0.1237158101658968,0.0134060978532654,0.0145749185902719,62.308608238614134,65.33022924840141
ugandan_village/health-advice_14,currentflow,-16.85494803434252,-33.87684266862628,28.973674382186825,1.6874509771642843,-1.1441717791411044,2213,1840,0.2876559299570493,0.1902071831385259,0.0198649929713626,0.0256206113509295,74.35768643901493,75.61243594542684
ugandan_village/health-advice_17,currentflow,-11.450381679389313,-45.027692817407726,-5.663120216629733,-0.05991004381044131,-0.3082191780821918,393,348,0.2914908430280273,0.160239241638495,0.0154228318499654,0.0145494183414932,69.1200490245926,69.07863917294017
ugandan_village/health-advice_13,currentflow,-8.47255369928401,-43.16139231179744,-4.088390926654719,2.829868585165508,-0.24825174825174826,838,767,0.2024545821891569,0.1150723657172845,0.0110315787152707,0.0105805646520088,69.40343256879423,71.36745850408506
ugandan_village/health-advice_9,currentflow,-3.232634212045411,-45.247764245438994,-61.32552316092817,0.7422970676400228,-0.5393258426966292,10394,10058,0.287816616742184,0.1575860325394819,0.0187315826685638,0.0072443416007453,77.40869281000259,77.98329526682971
ugandan_village/health-advice_12,currentflow,-2.4103245397608655,-54.27841635375405,-47.57390161584236,-1.425374023705965,-0.23782771535580524,5269,5142,0.2564551927850823,0.1172553754843727,0.0152148320425498,0.0079765428156115,76.00100215217086,74.9177036097376
urban_streets/irvine2,currentflow,80.0,-10.213697950297043,31.960859317018237,8.736627294694745,0.021164021164021163,5,9,0.0601342541891066,0.0539923231015674,0.0013180837350959,0.0017393546233504,53.62871027857188,58.31405081856236
urban_streets/brasilia,currentflow,20.0,-8.389526905401889,50.145172821392094,0.48714510519747556,0.004347826086956522,5,6,0.0640073740666425,0.0586374581978803,0.0009127338682571,0.001370425843894,51.95662284104377,52.209726986039826
ugandan_village/health-advice_11,currentflow,-15.627257404286059,-32.771220039584996,36.57608614748085,1.2263817642358705,-1.2314990512333965,4153,3504,0.2381206043527036,0.1600855771406895,0.0143172906038564,0.0195539951491081,71.88563356139414,72.7672258624965
ugandan_village/health-advice_10,currentflow,-12.348427434634331,-48.244004026994304,-48.966849593283676,-1.5745897395009967,-3.1792682926829268,21112,18505,0.2751685422652072,0.1424162196537591,0.0192650290640595,0.0098315512581591,79.00643200080063,77.76240482897019
urban_streets/los-angeles,currentflow,20.0,-3.9635499215664085,45.84239944840778,-0.09838611067229006,0.0029498525073746312,5,6,0.0638362025041572,0.0613060227498727,0.0010073840769073,0.0014691931094228,53.041604955663146,52.98941938350911
urban_streets/new-delhi,currentflow,0.0,-13.733178507834891,29.962021609643507,13.491909382642161,0.0,1,1,0.0752574444894258,0.0649222052972582,0.0014351269022565,0.0018651199348364,52.96926066723989,60.11582531711941
urban_streets/new-york,currentflow,-55.0,-0.3126617611340357,132.5931663379695,0.11791354067598106,-0.05263157894736842,40,18,0.082709970751216,0.0824513683000318,0.0012616626214074,0.0029345410396341,46.84872186538426,46.90396285209718
zebras,currentflow,1.9769357495881383,-53.463375521360774,-28.550154274239663,25.735564910724385,0.11428571428571428,607,619,0.4091605833539463,0.1904095241900356,0.0318840896088185,0.022781132836564,33.852986848180024,42.56524425271238
windsurfers,currentflow,-8.316566063044936,-7.837746739158988,1.7161913777261584,-1.9307212055120853,-1.1071428571428572,4473,4101,0.4562264151525366,0.4204685441757367,0.0424375537254627,0.043165863363417,61.40065489823586,60.21517943379232
urban_streets/walnut-creek,currentflow,100.0,0.1335874550264514,81.63203430981228,1.2503429226747076,0.00510204081632653,1,2,0.0727139162553649,0.0728110529255405,0.0012264425466988,0.0022276125472101,55.57900775822071,56.27393594821845
urban_streets/paris,currentflow,0.0,-3.0062777368217453,122.47999916221771,0.8884826689368629,0.0,1,1,0.0589885192973023,0.0572151605743867,0.0006698438411594,0.0014902685721996,50.450631940096194,50.898877061253074
ugandan_village/health-advice_16,currentflow,-24.81769134997332,-40.46228233233903,1.9610395131454998,-1.1241969805615284,-4.856148491879351,16867,12681,0.2387221484964823,0.14212971878201,0.0132193083948312,0.0134785442558184,75.897644662268,75.04440563265746
urban_streets/london,currentflow,-40.0,-3.6800635660199994,8.038997409578649,-2.446719986831723,-0.0027434842249657062,5,3,0.0546400349080213,0.0526292468909106,0.0005357185735187,0.0005787849757665,53.88789637059894,52.56941043961633
urban_streets/vienna,currentflow,-83.87096774193549,-9.737304391184681,166.76601873526957,-16.803350072749254,-0.03762662807525326,31,5,0.0689738142842743,0.0622576240372041,0.0010710010581523,0.0028570668834455,66.0192990970341,54.92584515418407
urban_streets/bologna,currentflow,0.0,-1.3309401068065865,13.590566721858421,1.1097695596323398,0.0,2,2,0.0496814385496533,0.0490202083583575,0.0005021187565162,0.0005703595411435,52.19482833828055,52.77407065488114
ceo_club,cf_cross_sep,-26.28205128205128,-12.91295438553942,75.4831270919692,4.26474161105384,-0.43157894736842106,156,115,0.4176572196327632,0.3637253333736723,0.0300114102965005,0.0526649612727003,75.92408140820858,79.16204730083484
dutch_criticism,cf_cross_sep,-30.87248322147651,56.024690281537815,446.07603798712654,15.04312363540258,-0.575,149,103,0.2518597846047462,0.3929634488733035,0.0081668443299156,0.0445971799453794,60.637457630440416,69.75922535115242
dolphins,cf_cross_sep,-17.748917748917748,-12.976805107777995,77.54653340643382,17.588300814425768,-0.2578616352201258,231,190,0.1738012076005314,0.1512473636152458,0.0077242008723168,0.013714050882148,51.91819439547289,61.049722603167
blumenau_drug,cf_cross_sep,-37.159533073929964,3.2311266750195675,105.34076818056272,7.146523611236719,-1.0552486187845305,514,323,0.3095294807991869,0.319530770420339,0.0217822439585466,0.0447278270714438,68.37814844024822,73.26480896345706
elite,cf_cross_sep,-41.44736842105263,-45.89247832442085,19.828450276129015,14.774540553074841,-0.6363636363636364,152,89,0.3131374954060519,0.1694309382011952,0.0196210641210919,0.02351161706399,66.8213008545954,76.69384104744975
cs_department,cf_cross_sep,-14.387512724804886,-2.218088787142293,16.705782353507434,6.058261577880382,-1.2011331444759208,2947,2523,0.4067091106183477,0.397687941439436,0.0438811562982622,0.0512118467636523,57.61709189007832,61.10768603034697
adjnoun,cf_cross_sep,-17.89923142613151,-35.25923555419358,-16.064109602160308,4.999180258936373,-2.4658823529411764,5855,4807,0.3585888331793631,0.2321531518176172,0.0293696534344588,0.0246516801169727,76.1078538824936,79.91262268928736
fullerene_structures/C180,cf_cross_sep,-1.2820512820512822,-16.30292517675733,-18.857002041268796,0.7092337461871491,-0.003703703703703704,78,77,0.1774390870804975,0.1485113254794427,0.001615025546869,0.0013104801465289,60.89549574538456,61.327387151118785
football,cf_cross_sep,-24.616732369689007,-14.49029783100237,-8.09432283242869,6.326468051553323,-1.833605220228385,4566,3442,0.2915847688990126,0.2493332674557057,0.047051319986256,0.0432428342496494,66.52313446371704,70.73169931245596
football_tsevans,cf_cross_sep,-24.616732369689007,-14.49029783100237,-8.09432283242869,6.326468051553323,-1.833605220228385,4566,3442,0.2915847688990126,0.2493332674557057,0.047051319986256,0.0432428342496494,66.52313446371704,70.73169931245596
fullerene_structures/C60,cf_cross_sep,-35.714285714285715,-24.922660176129643,116.61863287941068,1.10386179100748,-0.1111111111111111,28,18,0.3126107347218593,0.2346998236330282,0.0050985269800084,0.0110443594410821,63.29032849614721,63.9889662498193
fullerene_structures/C240,cf_cross_sep,-15.0,-7.870430530739851,39.42358584037609,0.6561647314651858,-0.05,120,102,0.1553370526741431,0.1431113578549259,0.0011865879334718,0.0016543834459956,60.88777874567877,61.28730287558047
facebook_organizations/S2,cf_cross_sep,-11.076320939334638,-11.675969356707785,-8.225425491182946,12.692720171119985,-1.1694214876033058,7665,6816,0.2075581811994715,0.1833237515652812,0.0169817436898892,0.0155849230155737,59.15365304696195,66.66186069920802
fullerene_structures/C260,cf_cross_sep,-10.483870967741936,-9.07655545675375,41.18884070561681,0.8040398084751474,-0.03333333333333333,124,111,0.1479289341618427,0.1345020824160583,0.0012217141967615,0.0017249241111435,60.671217440032216,61.15903818053659
kangaroo,cf_cross_sep,-30.47808764940239,-23.590581805273704,106.74106013606657,-2.4459675867866313,-1.6813186813186813,502,349,0.5386762500875089,0.4115993886450343,0.038080848240523,0.0787287493612639,35.76371327717478,34.88894444258378
karate/77,cf_cross_sep,-70.0,8.583986314896327,148.19486842058825,34.74627798974694,-0.6363636363636364,70,21,0.2488967741592481,0.2702620391912964,0.015350677289392,0.0380995933000756,54.74827755276079,73.77126626584128
karate/78,cf_cross_sep,-46.96969696969697,33.6177467887728,373.2641848455547,38.97600444016149,-0.3974358974358974,66,35,0.2530351327057306,0.3380998429053783,0.014477906059799,0.0685187440966129,54.91789787389782,76.32270018767159
game_thrones,cf_cross_sep,-18.543388429752067,-33.442703512031414,-11.242830082557838,21.55366757222187,-1.0198863636363635,1936,1577,0.22600711891057,0.1504242282172238,0.0183408988295238,0.0162788627385066,56.45327577490513,68.62102716905784
lesmis,cf_cross_sep,-19.17808219178082,-29.97598567608377,-46.74044754216134,17.377489798219983,-0.5511811023622047,730,590,0.2185426650469741,0.1530323470763614,0.0204896988062619,0.0109127218841742,55.296151291947304,64.90523434151373
interactome_pdz,cf_cross_sep,-37.17948717948718,-16.265635844882386,38.64403862779141,15.507440364262836,-0.13875598086124402,78,49,0.1021886518504945,0.0855670178656984,0.0062249123024114,0.0086304698171014,59.29121477863657,68.48576455168063
malaria_genes/HVR_3,cf_cross_sep,-50.0,40.08184420405912,407.51170559059386,110.95512570607059,-0.4909090909090909,54,27,0.2384297755936127,0.3339968267831323,0.0133180323671964,0.0675905732178658,20.340952362791448,42.91028162673864
macaque_neural,cf_cross_sep,-14.263920671243326,-22.17690566815323,-19.325902535052922,8.365141315968005,-1.194888178913738,2622,2248,0.4696782453931025,0.3655181439684369,0.0407095148966421,0.0328420337252242,53.589734892653446,58.07259194727652
celegans_interactomes/BPmaps,cf_cross_sep,-47.05882352941177,-40.904440097265336,-53.6621976678502,9.510447244086906,-0.18,153,81,0.1061315636280501,0.0627190417595233,0.0075990260425897,0.0035212216667838,60.49170486592606,66.24473654424871
montreal,cf_cross_sep,-41.139240506329116,-15.007086587686409,40.08735690863832,5.49470154282003,-0.8666666666666667,158,93,0.4116791205310637,0.3498980784495411,0.0263635464546879,0.0369319954157533,60.586242419701335,63.91527561667335
new_guinea_tribes,cf_cross_sep,-35.16483516483517,-44.49414613738012,-5.431120296822163,-9.785170283063877,-0.5517241379310345,91,59,0.5864314920472073,0.3255038069801042,0.0417891410259277,0.0395195225058009,71.42696873437717,64.43771821568757
november17,cf_cross_sep,-30.851063829787233,-16.52879787313649,47.07831147869435,43.71420632764661,-0.4393939393939394,94,65,0.4358088512677244,0.3637748871284442,0.0271154396794021,0.0398809308304885,49.276143823788495,70.81681900522729
plant_pol_vazquez/All sites pooled,cf_cross_sep,-42.13483146067416,-10.189888306927037,189.37928899846878,17.10692601631383,-0.4573170731707317,178,103,0.2714746090116834,0.243811649571726,0.0163884976074112,0.0474249178538576,65.34281613966444,76.5209633536528
marvel_partnerships,cf_cross_sep,-72.22222222222223,2.278890190849393,69.55911662524285,4.262473207672143,-0.05803571428571429,18,5,0.0625388420769718,0.0639640336145347,0.0021831185432683,0.0037016765168476,64.60528155714726,67.35906437426182
fullerene_structures/C320,cf_cross_sep,-28.395061728395063,-19.63471791248393,172.04305873187678,1.3258156280863838,-0.09583333333333334,162,116,0.1322300154062499,0.1062670248855987,0.0008700530849258,0.0023669190248232,60.47330416427019,61.2750686817003
terrorists_911,cf_cross_sep,-17.177914110429448,-18.702682114870438,49.84832563816004,22.288499105498882,-0.18421052631578946,163,135,0.2177971745822478,0.1770632613649606,0.0158588571899393,0.023764231964471,55.575027692868744,67.96186724307455
mist/genetic_mouse,cf_cross_sep,-41.666666666666664,-15.377940843818443,-22.324600873778667,15.62690272773781,-0.01984126984126984,12,7,0.0646968002138951,0.0547477645491589,0.0028890044233733,0.0022440457166294,65.52768071265696,75.76762763736647
train_terrorists,cf_cross_sep,-11.670235546038544,-18.65526596144215,-16.59824501889404,17.489843906979477,-0.448559670781893,934,825,0.1956652037409711,0.1591633395890953,0.0117925277340527,0.0098351750868336,46.444515536308685,54.56758880696191
mist/ppi_zebrafish,cf_cross_sep,-62.5,-3.912168268105017,-14.93979223281318,8.771201332664784,-0.022222222222222223,8,3,0.1394641300789247,0.1340080586365883,0.0071935654708073,0.0061188617353373,68.69602458302637,74.72149120674051
polbooks,cf_cross_sep,-16.69017395392572,-11.364310347478265,30.875865869441128,16.20444541248788,-0.8049886621315193,2127,1772,0.1791229980088937,0.1587669046114557,0.0116285183224628,0.0152189240423098,49.56615416961434,57.59807456509908
revolution,cf_cross_sep,-77.77777777777777,-33.65377686109885,43.30129093919642,-0.8319967807030043,-0.0875,18,4,0.2147856108731373,0.1425021406601436,0.0161438130871655,0.0231342925607191,68.67643500264762,68.105049274324
london_transport,cf_cross_sep,-27.906976744186046,-16.7916728294955,-9.161840280166462,3.813032514197643,-0.027906976744186046,43,31,0.0507215723916906,0.0422045719017022,0.0005864623589948,0.0005327316143604,43.98932269513772,45.66664987227865
ugandan_village/friendship-6,cf_cross_sep,-16.72918770740153,-27.169048994220724,-20.879706645582743,7.720322017527878,-3.6693037974683542,13862,11543,0.3904975052622936,0.2844030467363714,0.0378202955796844,0.029923528810154,79.87546467296012,86.04210775870936
ugandan_village/friendship-1,cf_cross_sep,-27.126729209731277,-17.21521720371312,85.02805273717861,5.466724126607879,-3.118829981718464,6289,4583,0.3040672517673621,0.2517214139302495,0.0234791479119942,0.0434430101808448,77.7600504397418,82.01097787799362
ugandan_village/friendship-2,cf_cross_sep,-9.533060896362297,-31.84998655740882,-17.001226900274343,8.049117413019715,-2.068313953488372,14927,13504,0.3359009309231043,0.2289165295778845,0.0270272794735829,0.0224323103653078,82.48435111712361,89.12361338590833
ugandan_village/friendship-7,cf_cross_sep,-2.677787532923617,-28.350641532551954,-18.024493119108822,6.166880174508716,-0.8714285714285714,25058,24387,0.5410769067527791,0.3876781325038783,0.0691411100313609,0.0566787754112828,87.65768431110004,93.0634286663147
ugandan_village/friendship-5,cf_cross_sep,-12.391497505296972,-10.756460601486513,57.74737937199088,4.833121535115276,-2.5180555555555557,14631,12818,0.2941898564903501,0.2625454404833959,0.0208208757568513,0.0328443858687311,79.4413053298774,83.28080016555238
ugandan_village/friendship-17,cf_cross_sep,-15.669099756690997,-37.87826970234334,-18.691960433263652,1.5857190194577153,-1.2529182879377432,2055,1733,0.4421331280776104,0.274660749380966,0.0420034515267153,0.0341521829867366,75.65417636588982,76.85383902953782
ugandan_village/friendship-15,cf_cross_sep,-31.861198738170348,-20.529781694117432,110.81757833476358,9.935016085753041,-1.4744525547445255,1268,864,0.2710157195035508,0.2153767839327302,0.0138147997574141,0.0291240263003772,70.77827197233411,77.81010467800354
ugandan_village/friendship-14,cf_cross_sep,-9.749878581835842,-11.522372750835105,29.73493492385691,4.919815538891126,-1.5295238095238095,8236,7433,0.3556909497871477,0.3147069127116868,0.0310747225249487,0.0403147710455113,79.73583231294896,83.65868818114559
fullerene_structures/C500,cf_cross_sep,-17.803030303030305,-13.177642168250735,9.04970551058529,0.8258730966207446,-0.06266666666666666,264,217,0.1062617215697367,0.0922589321394539,0.0007972688367904,0.0008694193186476,60.24961157934104,60.74719691219332
ugandan_village/health-advice_1,cf_cross_sep,-27.386797599563558,-17.211525275008555,83.9252654325446,5.213939187263419,-2.3294663573085845,3666,2662,0.2524212542021208,0.2089757062356292,0.0140513458885726,0.0258439752224021,73.4758586011336,77.30684518591636
ugandan_village/health-advice_6,cf_cross_sep,-37.779329608938546,0.844306143268813,103.81467395672692,6.142385202189133,-1.9049295774647887,1432,891,0.2699939063685611,0.2722734815064823,0.0184192104963951,0.0375410538186309,74.56813234342448,79.1483942700358
ugandan_village/health-advice_2,cf_cross_sep,-27.444009953785994,-12.261171370479808,83.00848139317421,5.979336677733369,-1.9593908629441625,2813,2041,0.2477890423836135,0.2174072032596878,0.0135178959944045,0.0247388961756684,73.41664203959458,77.80647024462827
ugandan_village/health-advice_5,cf_cross_sep,-25.443087829854274,-38.51617723180613,-12.606101215123816,7.938247992859206,-1.6735751295336787,2539,1893,0.2497790505594552,0.1535737087580528,0.0154264687484956,0.0134817924841408,70.93784498176893,76.56906703721178
ugandan_village/friendship-13,cf_cross_sep,-12.936927640913195,-12.239863549673817,37.11643310993602,5.474198136344103,-3.719406674907293,23259,20250,0.3602163390405777,0.3161263506583806,0.0314344832243343,0.0431018421637484,84.71657762812463,89.35413094181793
fullerene_structures/C540,cf_cross_sep,-11.956521739130435,-17.77406824506112,-0.6725333526734301,0.580780799120514,-0.040740740740740744,276,243,0.1031158938851187,0.0847880045344729,0.0005423977579401,0.0005387499521138,60.33176959757293,60.68216493116526
ugandan_village/health-advice_3,cf_cross_sep,-13.952321204516938,30.159750102757222,156.12437041274754,5.79156187285828,-2.614420062695925,11955,10287,0.2475932501865332,0.3222667557140861,0.013962893917327,0.0357623741371536,78.89915935772713,83.46865298909495
ugandan_village/health-advice_7,cf_cross_sep,-13.802327136552092,-29.270651757163716,-1.3300680225054848,6.93174346675937,-2.1818181818181817,7477,6445,0.3684868647276785,0.2606283577823488,0.0338154892691843,0.0333657202597611,80.53694704598266,86.11956161117001
ugandan_village/friendship-12,cf_cross_sep,-12.195442019159266,1.2624716130633076,72.2727137851421,9.974164721248318,-3.197247706422018,22861,20073,0.2782925364500301,0.2818059007239856,0.019055434313988,0.0328273138162523,79.42136461482832,87.34298234537452
ugandan_village/health-advice_15,cf_cross_sep,-29.850746268656717,-29.52244612538166,44.60244427463769,13.326637090771774,-0.40816326530612246,268,188,0.2347858278045011,0.1654713082808859,0.0134060978532654,0.0193855451776715,62.308608238614134,70.61225033488496
ugandan_village/health-advice_14,cf_cross_sep,-28.15183009489381,-9.57175823541675,78.45139337721207,7.562377828421091,-1.9110429447852761,2213,1590,0.2876559299570493,0.2601221997917208,0.0198649929713626,0.0354493567516818,74.35768643901493,79.98089563200587
ugandan_village/health-advice_17,cf_cross_sep,-26.463104325699746,1.2591760130441474,148.50738779291288,6.139938211202788,-0.7123287671232876,393,289,0.2914908430280273,0.2951612258036564,0.0154228318499654,0.0383268765540424,69.1200490245926,73.36397732625566
ugandan_village/health-advice_13,cf_cross_sep,-29.594272076372317,-17.678111855622532,58.939518141823356,9.567608094007655,-0.8671328671328671,838,590,0.2024545821891569,0.1666644346929245,0.0110315787152707,0.0175335380534872,69.40343256879423,76.04368100076533
ugandan_village/health-advice_9,cf_cross_sep,-16.89436213199923,9.434623904030309,101.28866393850053,5.926248390010054,-2.8186195826645264,10394,8638,0.287816616742184,0.3149710320651134,0.0187315826685638,0.0377045524880878,77.40869281000259,81.9961242213832
ugandan_village/health-advice_12,cf_cross_sep,-18.16283924843424,12.665956093147933,141.92210804753628,1.4059134610756703,-1.7921348314606742,5269,4312,0.2564551927850823,0.2889376949018387,0.0152148320425498,0.0368080424132285,76.00100215217086,77.06951047198064
urban_streets/irvine2,cf_cross_sep,-20.0,-15.85303287103781,-3.0226776837210085,4.279302631479562,-0.005291005291005291,5,4,0.0601342541891066,0.0506011511057541,0.0013180837350959,0.0012782423121824,53.62871027857188,55.92364508875136
urban_streets/brasilia,cf_cross_sep,-20.0,-16.998337204740327,-19.813027724984206,0.3630151102519142,-0.004347826086956522,5,4,0.0640073740666425,0.0531271847868951,0.0009127338682571,0.000731893653884,51.95662284104377,52.145233232733354
ugandan_village/health-advice_11,cf_cross_sep,-33.180833132675176,0.578469670715395,177.6335052152503,5.9755010468598435,-2.6148007590132827,4153,2775,0.2381206043527036,0.2394980598286082,0.0143172906038564,0.0397495957553402,71.88563356139414,76.18116034739708
ugandan_village/health-advice_10,cf_cross_sep,-15.820386510041683,-12.676531703091456,34.099562495630245,8.81709473096183,-4.073170731707317,21112,17772,0.2751685422652072,0.2402867147680236,0.0192650290640595,0.0258343196895598,79.00643200080063,85.97250395386416
urban_streets/los-angeles,cf_cross_sep,0.0,-12.741235087097666,-9.283123997959072,0.581332994355693,0.0,5,5,0.0638362025041572,0.0557026818724268,0.0010073840769073,0.0009138673639123,53.041604955663146,53.34995330600622
urban_streets/new-delhi,cf_cross_sep,-100.0,-22.005406664614945,-34.75210157325591,0.3863227433997034,-0.003048780487804878,1,0,0.0752574444894258,0.0586967377841308,0.0014351269022565,0.0009363901434792,52.96926066723989,53.17389296820811
urban_streets/new-york,cf_cross_sep,-62.5,-18.433457510565674,171.96773522115018,3.2431023558391074,-0.05980861244019139,40,15,0.082709970751216,0.0674636634357893,0.0012616626214074,0.0034313152575735,46.84872186538426,48.36807386788105
zebras,cf_cross_sep,-31.13673805601318,-42.75055758312322,-39.45084699196343,35.16969341570992,-1.8,607,418,0.4091605833539463,0.2342421525597746,0.0318840896088185,0.019305546202463,33.852986848180024,45.75897853474554
windsurfers,cf_cross_sep,-19.874804381846637,1.2344569463495452,56.14289336826925,15.277418809706731,-2.6458333333333335,4473,3584,0.4562264151525366,0.4618583338254686,0.0424375537254627,0.0662632242616512,61.40065489823586,70.78109009894206
urban_streets/walnut-creek,cf_cross_sep,0.0,-5.304715213835156,0.8650441435970045,1.3526187225865514,0.0,1,1,0.0727139162553649,0.0688566500771912,0.0012264425466988,0.0012370518161236,55.57900775822071,56.33077982298624
urban_streets/paris,cf_cross_sep,-100.0,-9.845504966972277,-8.837910763892864,0.4096105315693546,-0.0020242914979757085,1,0,0.0589885192973023,0.053180801699943,0.0006698438411594,0.0006106436402203,50.450631940096194,50.65728304176612
ugandan_village/health-advice_16,cf_cross_sep,-32.560621331594234,-14.868395498966965,81.87008224682089,4.780726005699812,-6.3712296983758705,16867,11375,0.2387221484964823,0.2032279953143941,0.0132193083948312,0.0240419670501404,75.897644662268,79.52610309835067
urban_streets/london,cf_cross_sep,-60.0,-8.243363216826161,-11.531104163731907,-3.347054146991257,-0.00411522633744856,5,2,0.0546400349080213,0.0501358583687525,0.0005357185735187,0.0004739443067818,53.88789637059894,52.084239300400455
urban_streets/vienna,cf_cross_sep,-100.0,-10.658441496744832,-11.19807850283612,-20.705858031240407,-0.04486251808972504,31,0,0.0689738142842743,0.0616222806407115,0.0010710010581523,0.0009510695188942,66.0192990970341,52.34943675278223
urban_streets/bologna,cf_cross_sep,-50.0,-6.337482848469323,-17.87279899451528,0.4770230740404637,-0.0012970168612191958,2,1,0.0496814385496533,0.0465328859026962,0.0005021187565162,0.0004123760804503,52.19482833828055,52.44380971290996
